{
  "SAP_score": 0.022240000000000006,
  "elapsed_time": 22.50196385383606,
  "uuid": "9e9abd24-9ff9-4407-bbce-98a20ba66c90"
}