{
  "discrete_mig": 0.17099973787266562,
  "elapsed_time": 14.947545051574707,
  "uuid": "3346e90c-57f4-43c6-9932-87c0d982f09c"
}