{
  "10:mean_train_accuracy": 0.5599999999999999,
  "10:mean_test_accuracy": 0.12891999999999998,
  "10:min_train_accuracy": 0.2,
  "10:min_test_accuracy": 0.0204,
  "10:train_accuracy_factor_0": 0.5,
  "10:test_accuracy_factor_0": 0.34,
  "10:train_accuracy_factor_1": 0.8,
  "10:test_accuracy_factor_1": 0.1702,
  "10:train_accuracy_factor_2": 0.2,
  "10:test_accuracy_factor_2": 0.0204,
  "10:train_accuracy_factor_3": 0.9,
  "10:test_accuracy_factor_3": 0.0584,
  "10:train_accuracy_factor_4": 0.4,
  "10:test_accuracy_factor_4": 0.0556,
  "100:mean_train_accuracy": 0.21600000000000003,
  "100:mean_test_accuracy": 0.13748,
  "100:min_train_accuracy": 0.11,
  "100:min_test_accuracy": 0.027,
  "100:train_accuracy_factor_0": 0.42,
  "100:test_accuracy_factor_0": 0.3262,
  "100:train_accuracy_factor_1": 0.26,
  "100:test_accuracy_factor_1": 0.2354,
  "100:train_accuracy_factor_2": 0.17,
  "100:test_accuracy_factor_2": 0.027,
  "100:train_accuracy_factor_3": 0.12,
  "100:test_accuracy_factor_3": 0.0458,
  "100:train_accuracy_factor_4": 0.11,
  "100:test_accuracy_factor_4": 0.053,
  "1000:mean_train_accuracy": 0.177,
  "1000:mean_test_accuracy": 0.16360000000000002,
  "1000:min_train_accuracy": 0.039,
  "1000:min_test_accuracy": 0.0258,
  "1000:train_accuracy_factor_0": 0.421,
  "1000:test_accuracy_factor_0": 0.4054,
  "1000:train_accuracy_factor_1": 0.223,
  "1000:test_accuracy_factor_1": 0.212,
  "1000:train_accuracy_factor_2": 0.039,
  "1000:test_accuracy_factor_2": 0.0258,
  "1000:train_accuracy_factor_3": 0.135,
  "1000:test_accuracy_factor_3": 0.1106,
  "1000:train_accuracy_factor_4": 0.067,
  "1000:test_accuracy_factor_4": 0.0642,
  "10000:mean_train_accuracy": 0.19422,
  "10000:mean_test_accuracy": 0.1848,
  "10000:min_train_accuracy": 0.028,
  "10000:min_test_accuracy": 0.0222,
  "10000:train_accuracy_factor_0": 0.404,
  "10000:test_accuracy_factor_0": 0.3966,
  "10000:train_accuracy_factor_1": 0.2594,
  "10000:test_accuracy_factor_1": 0.2448,
  "10000:train_accuracy_factor_2": 0.028,
  "10000:test_accuracy_factor_2": 0.0222,
  "10000:train_accuracy_factor_3": 0.1479,
  "10000:test_accuracy_factor_3": 0.1364,
  "10000:train_accuracy_factor_4": 0.1318,
  "10000:test_accuracy_factor_4": 0.124,
  "elapsed_time": 79.69377970695496,
  "uuid": "1a182053-077a-47ad-b7c1-5070a3f699e0"
}