{
  "10:mean_train_accuracy": 1.0,
  "10:mean_test_accuracy": 0.1466,
  "10:min_train_accuracy": 1.0,
  "10:min_test_accuracy": 0.0244,
  "10:train_accuracy_factor_0": 1.0,
  "10:test_accuracy_factor_0": 0.3456,
  "10:train_accuracy_factor_1": 1.0,
  "10:test_accuracy_factor_1": 0.2046,
  "10:train_accuracy_factor_2": 1.0,
  "10:test_accuracy_factor_2": 0.0244,
  "10:train_accuracy_factor_3": 1.0,
  "10:test_accuracy_factor_3": 0.0766,
  "10:train_accuracy_factor_4": 1.0,
  "10:test_accuracy_factor_4": 0.0818,
  "100:mean_train_accuracy": 1.0,
  "100:mean_test_accuracy": 0.18839999999999998,
  "100:min_train_accuracy": 1.0,
  "100:min_test_accuracy": 0.0254,
  "100:train_accuracy_factor_0": 1.0,
  "100:test_accuracy_factor_0": 0.3872,
  "100:train_accuracy_factor_1": 1.0,
  "100:test_accuracy_factor_1": 0.2624,
  "100:train_accuracy_factor_2": 1.0,
  "100:test_accuracy_factor_2": 0.0254,
  "100:train_accuracy_factor_3": 1.0,
  "100:test_accuracy_factor_3": 0.1556,
  "100:train_accuracy_factor_4": 1.0,
  "100:test_accuracy_factor_4": 0.1114,
  "1000:mean_train_accuracy": 0.961,
  "1000:mean_test_accuracy": 0.29128,
  "1000:min_train_accuracy": 0.868,
  "1000:min_test_accuracy": 0.0262,
  "1000:train_accuracy_factor_0": 0.868,
  "1000:test_accuracy_factor_0": 0.4686,
  "1000:train_accuracy_factor_1": 0.937,
  "1000:test_accuracy_factor_1": 0.4164,
  "1000:train_accuracy_factor_2": 1.0,
  "1000:test_accuracy_factor_2": 0.0262,
  "1000:train_accuracy_factor_3": 1.0,
  "1000:test_accuracy_factor_3": 0.279,
  "1000:train_accuracy_factor_4": 1.0,
  "1000:test_accuracy_factor_4": 0.2662,
  "10000:mean_train_accuracy": 0.6498999999999999,
  "10000:mean_test_accuracy": 0.33127999999999996,
  "10000:min_train_accuracy": 0.5747,
  "10000:min_test_accuracy": 0.0276,
  "10000:train_accuracy_factor_0": 0.5747,
  "10000:test_accuracy_factor_0": 0.5136,
  "10000:train_accuracy_factor_1": 0.5752,
  "10000:test_accuracy_factor_1": 0.4512,
  "10000:train_accuracy_factor_2": 0.621,
  "10000:test_accuracy_factor_2": 0.0276,
  "10000:train_accuracy_factor_3": 0.7375,
  "10000:test_accuracy_factor_3": 0.3398,
  "10000:train_accuracy_factor_4": 0.7411,
  "10000:test_accuracy_factor_4": 0.3242,
  "elapsed_time": 262.2183961868286,
  "uuid": "074a919c-838f-4258-b4bc-2f5984bf57a2"
}