{
  "10:mean_train_accuracy": 1.0,
  "10:mean_test_accuracy": 0.15324,
  "10:min_train_accuracy": 1.0,
  "10:min_test_accuracy": 0.0314,
  "10:train_accuracy_factor_0": 1.0,
  "10:test_accuracy_factor_0": 0.3902,
  "10:train_accuracy_factor_1": 1.0,
  "10:test_accuracy_factor_1": 0.2336,
  "10:train_accuracy_factor_2": 1.0,
  "10:test_accuracy_factor_2": 0.0314,
  "10:train_accuracy_factor_3": 1.0,
  "10:test_accuracy_factor_3": 0.0446,
  "10:train_accuracy_factor_4": 1.0,
  "10:test_accuracy_factor_4": 0.0664,
  "100:mean_train_accuracy": 1.0,
  "100:mean_test_accuracy": 0.252,
  "100:min_train_accuracy": 1.0,
  "100:min_test_accuracy": 0.0264,
  "100:train_accuracy_factor_0": 1.0,
  "100:test_accuracy_factor_0": 0.5046,
  "100:train_accuracy_factor_1": 1.0,
  "100:test_accuracy_factor_1": 0.3582,
  "100:train_accuracy_factor_2": 1.0,
  "100:test_accuracy_factor_2": 0.0264,
  "100:train_accuracy_factor_3": 1.0,
  "100:test_accuracy_factor_3": 0.221,
  "100:train_accuracy_factor_4": 1.0,
  "100:test_accuracy_factor_4": 0.1498,
  "1000:mean_train_accuracy": 0.9783999999999999,
  "1000:mean_test_accuracy": 0.42299999999999993,
  "1000:min_train_accuracy": 0.912,
  "1000:min_test_accuracy": 0.0402,
  "1000:train_accuracy_factor_0": 0.912,
  "1000:test_accuracy_factor_0": 0.6828,
  "1000:train_accuracy_factor_1": 0.98,
  "1000:test_accuracy_factor_1": 0.5378,
  "1000:train_accuracy_factor_2": 1.0,
  "1000:test_accuracy_factor_2": 0.0402,
  "1000:train_accuracy_factor_3": 1.0,
  "1000:test_accuracy_factor_3": 0.4644,
  "1000:train_accuracy_factor_4": 1.0,
  "1000:test_accuracy_factor_4": 0.3898,
  "10000:mean_train_accuracy": 0.7716799999999999,
  "10000:mean_test_accuracy": 0.53676,
  "10000:min_train_accuracy": 0.6319,
  "10000:min_test_accuracy": 0.065,
  "10000:train_accuracy_factor_0": 0.7768,
  "10000:test_accuracy_factor_0": 0.7404,
  "10000:train_accuracy_factor_1": 0.7386,
  "10000:test_accuracy_factor_1": 0.651,
  "10000:train_accuracy_factor_2": 0.6319,
  "10000:test_accuracy_factor_2": 0.065,
  "10000:train_accuracy_factor_3": 0.8589,
  "10000:test_accuracy_factor_3": 0.6682,
  "10000:train_accuracy_factor_4": 0.8522,
  "10000:test_accuracy_factor_4": 0.5592,
  "elapsed_time": 265.2487509250641,
  "uuid": "1f060c38-f88e-4d3b-9a3b-ba12f4a43692"
}