{
  "modularity_score": 0.8561956233860831,
  "explicitness_score_train": 0.7801782653597842,
  "explicitness_score_test": 0.7690536341844652,
  "elapsed_time": 19.068491220474243,
  "uuid": "8e21bfb3-71f0-4f5e-8c59-117dcf446b90"
}