{
  "elbo": -126.2102279663086,
  "kl_loss": 6.322305679321289,
  "loss": 221.04478454589844,
  "reconstruction_loss": 119.88794708251953,
  "regularizer": 101.15689086914062,
  "global_step": 300000,
  "elapsed_time": 4525.449918746948,
  "uuid": "db2f0bbe-210c-4f19-8e6e-b9d1f76c134b"
}