{
  "discrete_mig": 0.1603893550109683,
  "elapsed_time": 15.852236032485962,
  "uuid": "9b4c8167-3440-47fb-a5f6-ad896ae61a35"
}