{
  "10:mean_train_accuracy": 0.6799999999999999,
  "10:mean_test_accuracy": 0.13696,
  "10:min_train_accuracy": 0.4,
  "10:min_test_accuracy": 0.0274,
  "10:train_accuracy_factor_0": 0.9,
  "10:test_accuracy_factor_0": 0.3138,
  "10:train_accuracy_factor_1": 0.7,
  "10:test_accuracy_factor_1": 0.2264,
  "10:train_accuracy_factor_2": 0.7,
  "10:test_accuracy_factor_2": 0.0274,
  "10:train_accuracy_factor_3": 0.4,
  "10:test_accuracy_factor_3": 0.0336,
  "10:train_accuracy_factor_4": 0.7,
  "10:test_accuracy_factor_4": 0.0836,
  "100:mean_train_accuracy": 0.292,
  "100:mean_test_accuracy": 0.17856,
  "100:min_train_accuracy": 0.08,
  "100:min_test_accuracy": 0.0256,
  "100:train_accuracy_factor_0": 0.63,
  "100:test_accuracy_factor_0": 0.4234,
  "100:train_accuracy_factor_1": 0.4,
  "100:test_accuracy_factor_1": 0.27,
  "100:train_accuracy_factor_2": 0.08,
  "100:test_accuracy_factor_2": 0.0256,
  "100:train_accuracy_factor_3": 0.17,
  "100:test_accuracy_factor_3": 0.0896,
  "100:train_accuracy_factor_4": 0.18,
  "100:test_accuracy_factor_4": 0.0842,
  "1000:mean_train_accuracy": 0.23220000000000002,
  "1000:mean_test_accuracy": 0.21479999999999996,
  "1000:min_train_accuracy": 0.049,
  "1000:min_test_accuracy": 0.0242,
  "1000:train_accuracy_factor_0": 0.518,
  "1000:test_accuracy_factor_0": 0.486,
  "1000:train_accuracy_factor_1": 0.357,
  "1000:test_accuracy_factor_1": 0.3408,
  "1000:train_accuracy_factor_2": 0.049,
  "1000:test_accuracy_factor_2": 0.0242,
  "1000:train_accuracy_factor_3": 0.088,
  "1000:test_accuracy_factor_3": 0.095,
  "1000:train_accuracy_factor_4": 0.149,
  "1000:test_accuracy_factor_4": 0.128,
  "10000:mean_train_accuracy": 0.22832,
  "10000:mean_test_accuracy": 0.22688000000000003,
  "10000:min_train_accuracy": 0.0324,
  "10000:min_test_accuracy": 0.0286,
  "10000:train_accuracy_factor_0": 0.4934,
  "10000:test_accuracy_factor_0": 0.4862,
  "10000:train_accuracy_factor_1": 0.3606,
  "10000:test_accuracy_factor_1": 0.3718,
  "10000:train_accuracy_factor_2": 0.0324,
  "10000:test_accuracy_factor_2": 0.0286,
  "10000:train_accuracy_factor_3": 0.0979,
  "10000:test_accuracy_factor_3": 0.0928,
  "10000:train_accuracy_factor_4": 0.1573,
  "10000:test_accuracy_factor_4": 0.155,
  "elapsed_time": 180.32873487472534,
  "uuid": "82818d1e-eacd-45ff-8b64-6a7b2074719e"
}