{
  "modularity_score": 0.7680173116708089,
  "explicitness_score_train": 0.7167764145173923,
  "explicitness_score_test": 0.7001043325910835,
  "elapsed_time": 18.862107038497925,
  "uuid": "51ea5a29-7bd5-4f2f-993b-1e5a9ca6a6dd"
}