{
  "SAP_score": 0.013000000000000001,
  "elapsed_time": 20.076285362243652,
  "uuid": "b97eeecb-ce0d-4aec-a388-539716eb4ad8"
}